{
    "Logistic Regression": {
        "Accuracy": 0.8524590163934426,
        "Precision": 0.8518518518518519,
        "Recall": 0.8214285714285714,
        "F1 Score": 0.8363636363636363,
        "ROC AUC": 0.9242424242424243,
        "Cross Validation": 0.8426020408163266,
        "Training Time": 0.03110671043395996
    },
    "Decision Tree": {
        "Accuracy": 0.7213114754098361,
        "Precision": 0.72,
        "Recall": 0.6428571428571429,
        "F1 Score": 0.6792452830188679,
        "ROC AUC": 0.7153679653679653,
        "Cross Validation": 0.7644557823129252,
        "Training Time": 0.02435898780822754
    },
    "Random Forest": {
        "Accuracy": 0.8360655737704918,
        "Precision": 0.875,
        "Recall": 0.75,
        "F1 Score": 0.8076923076923077,
        "ROC AUC": 0.920995670995671,
        "Cross Validation": 0.8181122448979592,
        "Training Time": 1.348494291305542
    },
    "XGBoost": {
        "Accuracy": 0.8360655737704918,
        "Precision": 0.8461538461538461,
        "Recall": 0.7857142857142857,
        "F1 Score": 0.8148148148148148,
        "ROC AUC": 0.8874458874458874,
        "Cross Validation": 0.8058673469387754,
        "Training Time": 0.570824146270752
    }
}